"CRN","AXLE_CNT","CARGO_BD_TYPE","CARRIER_ADDR_1","CARRIER_ADDR_2","CARRIER_ADDR_CITY","CARRIER_ADDR_STATE","CARRIER_ADDR_ZIP","CARRIER_NM","CARRIER_TEL","GVWR","HAZMAT_CD1","HAZMAT_CD2","HAZMAT_CD3","HAZMAT_CD4","HAZMAT_IND","HAZMAT_REL_IND1","HAZMAT_REL_IND2","HAZMAT_REL_IND3","HAZMAT_REL_IND4","ICC_NUM","OSIZE_LOAD_IND","PUC_NUM","UNIT_NUM","USDOT_NUM","VEH_CONFIG_CD"
2016006567,"99","9","UNKNOWN","","UNKNOWN","ZZ","99999","UNKNOWN","9999999999","999999","","","","","N","","","","","","U","","1","","08"
2016016500,"99","9","114 S SHIRK RD","","NEW HOLLAND","PA","17557","HOOVER DIESELS SERVICE","9999999999","019000","","","","","N","","","","","","U","","1","","05"
2016017308,"99","8","45 ERICK RD","","LANCASTER","PA","17601","RED ROSE TRANSIT AUTHORITY","9999999999","999999","","","","","N","","","","","","U","","1","","11"
2016019167,"03","1","1614 DIVISION HWY","","EPHRATA","PA","17522","GLENWOOD FOODS","7173717872","999999","","","","","N","","","","","","N","","1","00502068","08"
2016024660,"02","8","102 MARTIC HEIGHTS DR","","HOLTWOOD","PA","17532","ESHBACH INC","7172844162","014000","","","","","N","","","","","","N","","2","","11"
2016027483,"05","1","PO BOX E","","HYRUM","UT","84319","MILLER BROTHERS EXPRESS LLC","4352456025","080000","","","","","N","","","","","","N","","1","00300400","08"
2016032622,"02","8","119 BUS LANE","","PUNXSUTAWNEY","PA","15767","STA OF PENNSYLVANIA","7174593829","006400","","","","","N","","","","","","N","","1","","11"
2016037256,"02","1","1200 HOOVER AVE","","ALLENTOWN","PA","18109","US FOODS","8004410998","048000","","","","","N","","","","","","N","","1","00745614","03"
2016038841,"03","4","621 STEVENS ROAD","","EPHRATA","PA","17522","HENDRIX ISA LLC","7177380424","052000","","","","","N","","","","","","N","","2","02574051","04"
2016039890,"03","2","711 JORIE BLVD STE 101","","NORTH OAK BROOK","IL","60523","SUPERIOR BULK LOGISTICS","8002893477","999999","","","","","N","","","","","","N","","2","00834726","08"
2016040106,"99","9","UNKNOWN ADDRESS","","UNKNOWN CITY","ZZ","99999","UNKNOWN CARRIER","9999999999","","","","","","N","","","","","","N","","1","","99"
2016043536,"03","9","950 PEQUEA CREEK RD","","PEQUEA","PA","17565","KEVIN KAUFFMAN","7175873592","080000","","","","","N","","","","","","N","","2","02145237","08"
2016043634,"03","7","230 OBIE ROAD","PO BOC 380","SCHAEFFERSTOWN","PA","17088","LEBANON FARMS DISPOSAL","7179492363","073280","","","","","N","","","","","","N","","1","02098040","04"
2016045973,"99","9","1115 MOUNT JOY RD","","MANHEIM","PA","17545","GIBBLE EXCAVATING LLC","9999999999","011600","","","","","N","","","","","","U","","2","","05"
2016048143,"99","9","1300 CROOKED HILL RD","","HARRISBURG","PA","17110","GEORGE A KINT INC","9999999999","011030","","","","","N","","","","","","U","","2","","05"
2016052535,"02","8","164 EAST SUNHILL ROAD","","MANHEIM","PA","17545","JOSEPH C. GRAYBILL INC","7176657371","036000","","","","","N","","","","","","N","","2","00348362","11"
2016054377,"03","9","615 JB HUNT CORPORATE DR","","LOWELL","AR","72745","JB HUNT TRANSPORT","8004524868","080000","","","","","N","","","","","","N","","2","00080806","08"
2016055016,"04","2","85 WHITE OAK RD","","MANHEIM","PA","17545","WORLEY AND OBETZ","8006976891","080000","","","","","N","","","","","","N","","2","00286305","08"
2016063847,"02","8","45 ERICK RD","","LANCASTER","PA","17601","RED ROSE TRANSIT AUTHORITY","7173581930","999999","","","","","","","","","","","N","","1","","11"
2016070134,"02","8","45 ERICK ROAD","","LANCASTER","PA","17601","RED ROSE TRANSIT AUTHORITY","7172911243","039600","","","","","N","","","","","","N","","1","","11"
2016085746,"03","9","2100 NORTH GEROGE STREE","","YORK","PA","174040534","RUTTERS BRO DAIRY INC","8666157340","080000","","","","","N","","","","","","N","","2","00011707","08"
2016089983,"05","9","7595 MAPLEWOOD DRIVE","","ROWLETT","TX","75089","GENEM LOGISTICS","9728249319","008000","","","","","N","","","","","","N","","2","01732161","08"
2016090990,"03","9","600 WINDSOR ROAD","","GLENVIEW","IL","60025","RING","8774993103","999999","","","","","N","","","","","","U","","1","02106977","08"
2016092698,"02","7","1245 EAGLES WAY","PO BOX 288","EAST EARL","PA","17522","EAGLE DISPOSAL OF PA","7173559560","026000","","","","","N","","","","","","N","","2","00140530","04"
2016095589,"05","3","51 W. CRONE ROAD","PO BOX 2843","YORK","PA","17406","EISENHART CRAN LLC.","7174454921","080000","","","","","N","","","","","","N","","3","00828878","08"
2016097796,"05","9","201 IRON VALLEY DR","","LEBANON","PA","17042","BBGY TRUCKING LLC","7178673992","079600","","","","","N","","","","","","N","","2","02331364","08"
2016101232,"09","3","14296 DUPONT HIGHWAY","","ELLENDALE","DE","19941","2012 TRANSPORT LLC","3025196829","000000","","","","","N","","","","","","N","","1","02448693","06"
2016110214,"05","1","12999 US 31 NORTH","","EDINBURGH","IN","46124","COVENANT TRANSPORT INC","5617013444","","","","","","N","","","","","","N","","2","00273818","08"
2016114113,"02","1","2200 FORWARD DR","","HARRISON","AR","72601","FED EX FREIGHT IN","8008744723","007200","","","","","N","","","","","","N","","1","00239039","08"
2016114888,"05","3","372 PUSEYVILLE RD","","QUARRYVILLE","PA","17566","FREYS TRUCKING INC","7177862146","080000","","","","","N","","","","","","N","","1","01968161","08"
2016117307,"05","2","1351 SPEERS RD","","OAKVILLE","ON","L6L2X5","CONNELL TRANSPORT INT","9055449978","063500","9","","","","Y","1","","","","","N","","1","02820564","08"
2016126993,"04","1","625 SOUTH FIFTH AVE","","LEBANON","PA","17042","NEW PENN MOTOR EXPRESS INC","7172742521","060000","","","","","N","","","","","","N","","2","00010670","08"
2016135515,"05","1","5395 COGSWELL ROAD","","WAYNE","MI","48184","USA FULGER TRANSPORT INC","3136517156","080000","","","","","N","","","","","","N","","1","02467803","08"
2017012327,"99","0","2044 W MAIN ST","","EPHRATA","PA","17522","MID ATLANTIC PORTABLE RESTROOMS","9999999999","019500","","","","","N","","","","","","U","","1","","05"
2016013500,"03","9","5002 CUNDIFF COURT","","DECATUR","IL","62526","MCLEOD EXPRESS LLC","2404621649","080000","","","","","N","","","","","","N","","1","00992986","07"
2016013525,"02","6","3011 WILLOW STREET PIKE N","","WILLOW STREET","PA","17584","ABSOLUTE TOWING","7175093100","999999","","","","","N","","","","","","N","A-8910572","1","01814932","05"
2016021782,"04","1","4145 BRESEE AVE","","BALDWIN PARK","CA","91706","YNS TRUCKS INC","6264238775","","","","","","N","","","","","","N","","2","02518625","08"
2016035877,"03","0","2001 OLD PHILADELPHIA PIKE","","LANCASTER","PA","17602","M&G RIGGING AND HAULING","7175750429","080000","","","","","N","","","","","","N","","3","00082216","04"
2016037165,"99","9","1748 COLUMBIA AVE","","LANCASTER","PA","17603","E & J MANAGEMENT LLC","9999999999","015000","","","","","N","","","","","","U","","2","","05"
2016051797,"02","9","985 JOLLY RD","","BLUE BELL","PA","19422","HENKELS AND MCCOY","2152837600","999999","","","","","N","","","","","","N","","2","00010515","09"
2016054224,"02","1","324 E WHITE HORSE RD","","GALLOWAY","NJ","08205","JUST 4 WHEELS","6097489603","999999","","","","","N","","","","","","N","","2","00542457","03"
2016055036,"05","1","94 WALDOBORO RD","","JEFFERSON","ME","04348","NEW PENN","8007231303","080000","5","","","","Y","1","","","","","N","","2","00010670","08"
2016058955,"03","1","4216 OREGON PIKE","","BROWNSTOWN","PA","17508","MARTIN APPLIANCE","7178593131","","","","","","N","","","","","","U","","1","00544753","04"
2016060774,"05","9","1471 W MAIN ST","","MOUNT JOY","PA","17552","MOUNT JOY FARMERS COOPERATIVE","9999999999","095000","","","","","N","","","","","","N","","2","","08"
2016065030,"03","8","45 ERICK RD","","LANCASTER","PA","17601","RED ROSE TRANSIT AUTHORITY","7173975613","080000","","","","","N","","","","","","N","","2","","10"
2016065173,"02","1","300 OAK ST","","PITTSTON","PA","18640","COCA COLA","7173930631","999999","","","","","N","","","","","","N","","1","00291145","08"
2016067565,"02","1","4000 CLINE AVE","","EAST CHICAGO","IN","46312","PENSKE TRUCK LEASING","2193781650","026000","","","","","N","","","","","","N","","1","00327574","03"
2016070577,"05","9","70 LITITZ ROAD","","LITITZ","PA","17543","ROHRER'S CONCRETE","7176269760","080000","","","","","N","","","","","","N","A-8916121","2","02450577","08"
2016071023,"02","3","43 FARM LANE","","ATGLEN","PA","19310","REEDS AUTO SALVAGE","4847322758","","","","","","N","","","","","","N","","2","00000000","03"
2016078892,"99","1","300 OAK ST","","PITTSTON","PA","18646","COCA COLA","2152729594","054900","","","","","N","","","","","","U","","2","00291145","08"
2016084180,"05","1","1200 ELLIS ST","","BENSENVILLE","IL","60106","AF SYSTEMS LLC","8474341122","080000","","","","","N","","","","","","N","","2","02260278","08"
2016097314,"05","9","232 JEFFERSON RD.","","ELMER","NJ","08318","BISHOP FARMS INC.","8563583250","080000","","","","","N","","","","","","N","","2","00375075","09"
2016098524,"05","1","3934 HOMEWOOD RD","","MEMPHIS","TN","38118","OZARK MOTOR LINES, INC.","2765949643","080000","","","","","N","","","","","","N","","2","00096606","08"
2016102337,"99","4","UNKNOWN","","UNKNOWN","ZZ","99999","UNKNOWN","9999999999","999999","","","","","N","","","","","","U","","2","","05"
2016104552,"05","9","37137 MN-16","","GRAND MEADOW","MN","55936","VALLEY TRANSPORTATION SERVICES","5077545558","080000","","","","","N","","","","","","U","","1","00456821","08"
2016118140,"05","3","1853 WILLIAM PENN WAY","PO BOX 10008","LANCASTER","PA","17601","HIGH TRANSIT LLC.","7172934444","080000","","","","","N","","","","","","N","A-00123535","2","01664837","08"
2016121108,"05","2","85 SIGMA RD","","PEQUEA","PA","17565","B&D HARKINS TRANSPORTATION INC","7172842844","030000","","","","","N","","","","","","N","","2","01660909","08"
2016127295,"02","8","45 ERICK ROAD","","LANCASTER","PA","17601","RED ROSE TRANSIT BUS SERVICE","7177991196","999999","","","","","N","","","","","","N","","1","","11"
2016129136,"02","2","1070 ROBERT FULTON HWY","","QUARRYVILLE","PA","17584","STONER,INCORPORATED","7177867355","040000","","","","","N","","","","","","N","","2","00011832","08"
2016130310,"03","3","111 80 SPUR","","CUBA","AL","36907","MCELROY LEASING INC","8009927863","015000","","","","","N","","","","","","N","","1","00271424","06"
2016130310,"03","1","2271 LEABROOK RD","","LANCASTER","PA","17601","SLAYMAKER LOGISTICS","7178980369","018672","","","","","N","","","","","","N","","3","01160194","06"
2016005032,"02","8","75 VALLEY ROAD","","LANCASTER","PA","17601","BRIGHTBILL TRANSPORTATION","7172720970","999999","","","","","N","","","","","","N","","1","","11"
2016012490,"06","3","14214 SHERIDAN ROAD","","MONTROSE","MI","48457","J&A TRUCKING","8102471440","","","","","","N","","","","","","N","","2","01877892","08"
2016047939,"99","9","2300 MEADOWVALE BLVD","","MISSISSAUGA","ON","L5N4P9","GE CANADA LEASING SERVICES COMPA","6475750756","080000","","","","","N","","","","","","N","","2","00930025","08"
2016050011,"05","1","1331 BYERLAND CHURCH RD","","WILLOW STREET","PA","17584","DL LANDIS INC","7177868780","080000","","","","","N","","","","","","N","","2","00673857","08"
2016051168,"02","8","102 MARTIC HEIGHTS DRIVE","","HOLTWOOD","PA","17560","DAVID ESCHBACH, JR INC","7172844162","999999","","","","","N","","","","","","N","","2","","11"
2016055997,"02","4","536 E ORANGE ST","","LANCASTER","PA","17602","UNKNOWN","7174195156","","","","","","N","","","","","","N","99","2","00000099","03"
2016056918,"05","3","4910 SIMPSON FERRY RD.","","MECHANICSBURG","PA","17050","PROGRESS LEASING LLC","7179208722","080000","","","","","N","","","","","","N","","3","02178401","08"
2016060620,"02","2","PO BOX 858","","VALLEY FORGE","PA","19482","AMERIGAS","6103371000","033000","2","","","","Y","2","","","","","N","","1","00388004","03"
2016067531,"07","1","7101 W 17TH ST.","","GARY","IN","46406","SCHNEIDER NATIONAL CARRIERS","8004477433","080000","","","","","N","","","","","","N","","1","00264184","08"
2016070409,"03","1","22077 MOUNT RD","","WARREN","MI","48089","RAYS TRANSPORT","5865104333","999999","","","","","N","","","","","","N","","2","02310668","08"
2016074213,"03","9","16871 CANDY AVE","PO BOX 8","FARIBAULT","MN","55021","INTERSTATE IMPROVEMENT INC","5073332677","999999","","","","","N","","","","","","N","","2","00562144","04"
2016085831,"02","1","4000 CLINE AVE","","EAST CHICAGO","IN","463120534","PENSKE TRUCK LEASING","4194787400","025999","","","","","N","","","","","","N","","1","01379054","03"
2016090089,"05","1","979 KIRKWOOD PIKE","","QUARRYVILLE","PA","17566","EDGAR M HERR INC","7177867600","080000","","","","","N","","","","","","N","","2","00174538","08"
2016097382,"05","1","104 UPSHUR LANE","","BERLIN","MD","21811","JOHN WEBB","4104309890","080000","","","","","N","","","","","","N","","2","","08"
2016103180,"99","9","82 W MAIN ST","","REINHOLDS","PA","17569","SERVICE PROFESSIONALS LLC","9999999999","012000","","","","","N","","","","","","U","","1","","05"
2016108180,"05","7","2475 CLOVERLEAF ROAD","","ELIZABETHTOWN","PA","17022","DOHNER TRUCKING","7172782652","080000","","","","","N","","","","","","N","","1","00199117","08"
2016108936,"03","3","102 EAST MAIN ST","","ALHAMBRA","IL","62001","GREENTREE TRANSPORT","7172785888","080000","","","","","N","","","","","","N","A-00105059","1","00204961","08"
2016110651,"04","2","85 WHITE OAK ROAD PO BO","","MANHEIM","PA","17545","WORLEY & OBETZ","7176656891","080000","2","","","","Y","1","","","","","N","","2","00286385","06"
2016115915,"04","1","60 E MAIN ST PO BOX 546","","LEOLA","PA","17540","DTX INC","7176562236","","","","","","N","","","","","","N","","2","00217295","08"
2016117460,"04","4","PO BOX 147","","DENVER","PA","17517","REAMSTOWN EXCAVATING INC.","7173363925","073280","","","","","N","","","","","","N","","2","02136810","04"
2016121011,"04","2","1250 LINCOLN ROAD","","LITITZ","PA","17543","MIDDLECREEK TRANSPORT","7176721154","073280","","","","","N","","","","","","N","","2","00716044","05"
2016133863,"05","9","P.O. BOX 567","","LEOLA","PA","17540","H.M. STAUFFER AND SONS, INC","7175988968","080000","","","","","N","","","","","","N","","2","00225596","08"
2016136610,"03","7","P.O. BOX 380","230 OBIE ROAD","SCHAEFFERSTWN","PA","17088","LEBANON VALLEY FARMS DISPOSAL","8005335356","053220","","","","","N","","","","","","U","","2","02098040","04"
2016139154,"05","1","1020 ALVIRA ROAD","","ALLENWOOD","PA","17810","BRENT MILLER TRUCKING","5704126332","080000","","","","","N","","","","","","N","","2","00772015","08"
2017000522,"02","0","950 SMILE WAY","","YORK","PA","17404","STEWART AND TATE INC.","7173090099","","","","","","N","","","","","","N","","1","00448571","02"
2017000522,"03","0","99 BALDWIN STREET","SECOND FLOOR","NEW BRUNSWICK","NJ","089012609","RRJ TRUCKING CORP.","7236409405","","","","","","N","","","","","","N","","2","01200238","08"
2016003215,"03","3","33 GLENOLA DR","","LEOLA","PA","17540","HM STAUFFER & SONS","7176616241","080000","","","","","N","","","","","","N","","2","00225596","08"
2016004931,"05","9","130 A SATTERLEE ROAD","","DU BOIS","PA","15801","STAAR TRUCKING LLC","8146122077","080000","","","","","N","","","","","","N","","1","02266657","08"
2016004931,"05","9","6943 DIVISION HWY","","NARVON","PA","17555","BEARTOWN RECYCLING","7173547734","080000","","","","","N","","","","","","N","","2","01893769","08"
2016005971,"03","9","PO BOX 662","4729 LAKE RD. WILLIAMSON NY","ONTARIO","NY","14519","SCOTT LUKE","5853296321","080000","","","","","N","","","","","","N","","2","00398292","08"
2016008330,"99","9","UNKNOWN","","UNKNOWN","ZZ","99999","UNKNOWN","9999999999","999999","","","","","N","","","","","","U","","2","","08"
2016019182,"05","1","11 ABRASO ST","","LANCASTER","PA","17601","SARAHS MOTOR EXPRESS","7172959730","080000","","","","","N","","","","","","N","","1","00718130","08"
2016020595,"99","9","2000 VINE ST","","MIDDLETOWN","PA","17057","RYDBOM EXPRESS INC","9999999999","025500","","","","","N","","","","","","U","","1","","05"
2016023892,"05","9","16600 S DIXIE HIGHWAY","","MARKHAM","IL","60803","EAGLE SYSTEMS","7172329040","008000","","","","","N","","","","","","N","","1","00314990","08"
2016024228,"05","3","1853 WILLIAM PENN WAY","PO BOX 1008","LANCASTER","PA","176050008","HIGH TRANSIT LLC","7173994108","033000","","","","","N","","","","","","N","A-00123535","1","01664837","08"
2016024484,"05","1","434 PRIMOS AVE","","FOLCROFT","PA","19032","M GERACE ENTERPRISES INC","6108095333","080000","","","","","N","","","","","","N","","2","00959283","08"
2016034974,"04","3","1103 E PRINCESS ST","","YORK","PA","17403","KINSLEY CONSTRUCTION","4074846907","035000","","","","","N","","","","","","N","","1","00207244","00"
2016035492,"99","9","1812 SNYDER CORNER RD","","WINDSOR","PA","17366","ADOMIS INDUSTRIAL MACHINERY LTD","9999999999","025500","","","","","N","","","","","","U","","1","","05"
2016039295,"05","3","1747 STATE ROUTE 848","","NEW MILFORD","PA","18834","M. GRIEMSMANN TRUCKING","5702622114","050000","","","","","N","","","","","","N","","2","00369366","08"
2016049941,"05","1","2740 N. MAYFAIR","","SPRINGFIELD","MO","65803","NEW PRIME INC","4178660001","080000","","","","","N","","","","","","N","","2","00003706","08"
2016050589,"03","1","14949 ST. RT. 28W","","ALEXANDRIA","IN","46001","R & L TRANSFER INC.","8005435589","080000","","","","","N","","","","","","N","","1","00063391","08"
2016051717,"99","9","1650 STEEL WAY","","MOUNT JOY","PA","17552","GREINER INDUSTRIES","9999999999","016500","","","","","N","","","","","","U","","1","","05"
2016052585,"99","9","1195 IVY DRIVE","","LANCASTER","PA","17601","FREY LUTZ CORP","9999999999","026000","","","","","N","","","","","","U","","2","","05"
2016054593,"03","2","728 RETTEW MILL RD","","LITITZ","PA","17543","NOLTS SERVICE LLC","7177381066","073000","","","","","N","","","","","","N","","1","02097959","04"
2016055520,"07","1","1800 E OLD LINCOLN HWY","","LANGHORN","PA","19047","MAWSON&MAWSON","2157500880","080000","","","","","N","","","","","","N","","1","00113529","08"
2016059241,"03","2","16871 CANBY AVENUE","","ROSLYN","MN","55021","INTERSTATE IMPROVEMENT INC","5073332677","080000","","","","","N","","","","","","N","","1","00562144","08"
2016073716,"03","2","543 LEASUREVILLE ROAD","","CABOT","PA","16023","CORY R FOX INC","7248595783","018186","","","","","N","","","","","","N","","1","00008000","06"
2016076325,"04","5","70 LITITZ ROAD","","LITITZ","PA","17543","RQ CARRIERS INC","7176269760","073280","","","","","N","","","","","","U","A-8916121","2","02450577","04"
2016077694,"99","9","810 S 12TH ST","","LEBANON","PA","17042","US RETAIL FLOWERS INC","9999999999","025950","","","","","N","","","","","","U","","1","","05"
2016079253,"05","9","150 VILLAGE COURT","","CAROL STREAM","IL","60188","BLACK HORSE CARRIERS INC.","6306908900","080000","","","","","N","","","","","","N","","2","00807505","08"
2016090659,"04","4","428 WOLEBER RD.","","MYERSTOWN","PA","17067","PAUL A DONAHUE TRUCKING LLC","7179491021","073280","","","","","N","","","","","","N","","2","00125266","04"
2016101393,"03","1","1000 FED EX DR","","CORAPOLIS","PA","15108","FEDEX GROUND PACKAGE SYSTEM INC","4122691000","080000","","","","","N","","","","","","N","","1","00265752","08"
2016101393,"03","1","1000 FED EX DR","","CORAPOLIS","PA","15108","FEDEX GROUND PACKAGE SYSTEM INC","4122691000","080000","","","","","N","","","","","","N","","2","00265752","08"
2016101411,"05","1","3891 MINK ST","","JOHNSTOWN","OH","43031","HEIMERL FARMS","7409670063","080000","","","","","N","","","","","","N","","2","00763645","08"
2016103222,"03","4","PO BOX 153","","NOTTINGHAM","PA","19362","BOB DOLINGER HAULING INC.","7175296792","073280","","","","","N","","","","","","U","","1","02113750","04"
2016103222,"05","3","22-7370 BRAMALEA RD","","MISSISSAUGA","ON","L5S1N6","PEACE TRANSPORTATION","9054051002","080000","","","","","N","","","","","","U","","2","01936756","08"
2016103222,"05","3","930 OLD ROUT 53","PO BOX 187","KYLERTOWN","PA","16847","EARTHMOVERS EQUIPMENT CO.","7045791377","080000","","","","","N","","","","","","U","","3","00027419","08"
2016104336,"05","3","550 S HIGH STREET","","SELINSGROVE","PA","17870","LB WATER SERVICE INC","5703741157","080000","","","","","N","","","","","","N","","1","00295978","08"
2016105146,"03","9","PO BOX 67676","","HARRISBURG","PA","17106","PA TURNPIKE COMMISSION","8009320586","058400","","","","","N","","","","","","N","","2","99999999","98"
2016106381,"05","9","4555 HOLLINS FERRY ROAD","","BALTIMORE","MD","21227","COWAN EQUIPMENT LEASING LLC","8147934293","080000","","","","","N","","","","","","N","","1","00548880","08"
2016108862,"99","9","UNKNOWN","","UNKNOWN","ZZ","99999","UNKNOWN","9999999999","999999","","","","","N","","","","","","U","","1","","08"
2016116565,"02","1","1131 E 99TH ST","","BROOKLYN","NY","11236","ONEIL STREETE","3472639457","080000","","","","","N","","","","","","N","","1","02030618","07"
2016116565,"02","1","POB 5328","","MISSOULA","MT","59806","WATKINS AND SHEPHARD TRUCKING","4065326121","080000","","","","","N","","","","","","N","","2","00230991","08"
2016127780,"03","7","85 BRICKYARD RD","PO BOX 3066","YORK","PA","17402","PENN WASTE INC","7177674456","058400","","","","","","","","","","","N","","1","02070588","04"
2016131301,"99","8","102 MARTIC HEIGHTS DRIV","","HOLTWOOD","PA","17532","ESCHBACH BUS COMPANY","7172844162","999999","","","","","N","","","","","","N","","2","","11"
2016134860,"02","3","258 LUMBER ST","","MOUNT JOY","PA","17552","PREVAIL TOWING LLC","7173333204","026000","","","","","N","","","","","","N","","1","02490022","03"
2016138986,"05","9","1942 PAPPYS LANE","","ORWIGSBURG","PA","179612412","J MARLIN ERNST  AND SONS INC","8002963768","075000","","","","","N","","","","","","N","","2","00038109","08"
2016005772,"03","9","5340 WEST 81ST,","","INDIANAPOLIS","IN","46268","SPLASH TRANSPORT INC.","8665733774","","","","","","N","","","","","","N","","3","01765150","08"
2016021598,"05","9","16 W STRACK DR","","MYERSTOWN","PA","17067","BRUNELL NOLT","7178210537","999999","","","","","N","","","","","","N","","2","00251155","08"
2016026193,"05","1","31342 KENDALE RD","","LEWES","DE","19958","QUALITY LEASING CO INC","6104955200","018500","","","","","N","","","","","","N","","1","02366635","08"
2016026193,"05","2","PO BOX 909","","ROYERSFORD","PA","19468","VENEZIA HAULING INC","6103576382","080000","","","","","N","","","","","","N","","2","01079966","09"
2016032250,"02","3","4514 FARAWAY DR","","FELTON","PA","17322","R & E TRUCKING SERVICES","7179932380","033000","","","","","N","","","","","","N","","3","00764090","03"
2016037930,"03","7","4361 OREGON PIKE","","EPHRATA","PA","17522","GOOD'S DISPOSAL SERVICES","7178591879","073280","","","","","N","","","","","","N","","1","02074205","04"
2016037930,"02","1","503 INDUSTRIAL DR","","LEWISBERRY","PA","17339","OPTIMAS OE SOLUTIONS LLC","7179327400","025999","","","","","N","","","","","","N","","3","02639985","03"
2016038581,"99","9","219 PASCHALL MILL ROAD","","WEST GROVE","PA","19390","WARDELL TRUCKING LLC","6106367793","079000","","","","","N","","","","","","N","","1","00670449","08"
2016038581,"02","5","3912 BRUMBAUGH ROAD, PO","","NEW ENTERPRISE","PA","16664","NEW ENTERPRISE STONE & LIME QUAR","7173354503","064000","","","","","N","","","","","","N","","2","00103221","05"
2016044218,"05","9","1705 POLL FORGE ROAD","","NARVON","PA","17555","KIRBY MARTIN","7174454411","060000","","","","","N","","","","","","N","A-00123722","1","10632214","08"
2016044219,"02","7","341 SNYDER HOLLOW ROAD","","NEW PROVIDENCE","PA","17560","WILLIAM DAVIS & SONS SEPTIC CLEA","7172843688","058400","","","","","N","","","","","","N","","2","00896249","03"
2016045977,"99","1","UNKNOWN","UNKNOWN","UNKNOWN","ZZ","99999","FEDEX","9999999999","999999","","","","","N","","","","","","N","","1","","08"
2016049771,"99","9","UNKNOWN","","UNKNOWN","ZZ","99999999","UNKNOWN","9999999999","999999","","","","","N","","","","","","U","","2","99999999","08"
2016057575,"03","2","1420 CLARION ST","","READING","PA","19601","ELK TRANSPORTATION INC","4843323586","080000","","","","","N","","","","","","N","","2","00049531","08"
2016058071,"05","1","1755 WEST LAKE PARKWAY","","WEST DES MOINES","IA","50266","HY-LINE NORTH AMERICA LLC","7173612287","999999","","","","","N","","","","","","N","","2","00179179","08"
2016064351,"05","2","934 JUNCTION ROAD","","MANHEIM","PA","17545","SPORTING VALLEY FEEDS LLC","7176656122","080000","","","","","N","","","","","","N","","1","01839788","08"
2016071142,"02","3","16871 CANBY AVE, PO BOX","","FARIBAULT","MN","55021","INTERSTATE IMPROVEMENT INC.","5073332677","021000","","","","","N","","","","","","N","","2","00562144","03"
2016071285,"99","9","28 COOLIDGE DR","","EPHRATA","PA","17522","HERITAGE COMMUNICATIONS LLC","9999999999","014000","","","","","N","","","","","","U","","5","","05"
2016071664,"99","0","2675 MORGANTOWN RD","","READING","PA","19607","PENNSKE TRUCK LEASING CO","6107756000","999999","","","","","N","","","","","","U","","1","","07"
2016075587,"05","9","10008 PARKSIDE DRIVE","","KNOXVILLE","TN","37922","CVS TRANSPORTATION","2483528380","080000","","","","","N","","","","","","N","","1","00612151","08"
2016081651,"06","3","5046 NEWPORT RD","","KINZER","PA","17535","LG TRANSPORT LLC","7174429728","080000","","","","","N","","","","","","N","","1","00928404","08"
2016088781,"99","9","3097 OLD PHILADELPHIA PIKE","","BIRD IN HAND","PA","17505","A L KAUFFMAN & SONS CO","9999999999","050000","","","","","N","","","","","","U","","1","","05"
2016088910,"03","1","139 WHEATFIELD LN","","SHERMANS DALE","PA","17090","KENNETH MORRIS JR","7172543035","080000","","","","","N","","","","","","N","","1","00964620","08"
2016088910,"03","1","133 PARKVIEW DR","","EVERETT","PA","15537","LUANN GRUBB DBA TRUCKING INC","8149770009","080000","","","","","N","","","","","","N","","2","00382979","08"
2016099849,"05","9","715 FOUNTAIN AVE","","LANCASTER","PA","17601","E-CORE","7172953400","999999","","","","","N","","","","","","N","A-00113463","2","00650571","08"
2016106191,"03","1","425 STEEL WAY","","LANCASTER","PA","17601","CENTRAL PENN TRANSPORTATION","7172952442","068000","","","","","N","","","","","","N","","2","00034279","06"
2016109345,"99","1","1625 S BROADWAY","","DEPERE","WI","54115","WELS COMPANIES","8664075292","075000","","","","","N","","","","","","N","","2","00166046","08"
2016113213,"05","2","P.O. BOX 169","","WOODSTOWN","NJ","080980169","SJ TRANSPORTION CO INC","8567692741","080000","","","","","N","","","","","","N","","2","00154323","08"
2016113213,"05","1","P.O. BOX 498","","EPHRATA","PA","17522","SUNRISE TRANSPORT INC","7177212800","080000","","","","","N","","","","","","N","","3","00276388","08"
2016115464,"04","4","4406 MARIETTA AVENUE","","COLUMBIA","PA","17512","HIGHGRADE CONSTRUCTION","7176294239","073280","","","","","N","","","","","","N","","1","02641564","09"
2016115701,"03","4","1035 SWAMP BRIDE RD","","DENVER","PA","17517","LEONARD HOOVER TRUCKING","4847095481","073280","","","","","N","","","","","","N","A-00116211","1","00742059","04"
2016124927,"03","1","6809 NEW BOLD DR","","BETHESDA","MD","21074","SUNNY D INC","7173572519","","","","","","N","","","","","","N","","2","09999999","04"
2016130106,"05","1","11229 AURORA AVE","","11229 AURORA AVE","IA","50322","BROWN MID- AMERICA PACLEASE","5159867368","080000","","","","","N","","","","","","N","","2","00809975","08"
2016139050,"02","1","3824 RT309","","OREFIELD","PA","180692007","OCS TRANSPORT SERVICES","6103959135","033000","","","","","N","","","","","","N","","1","00215335","03"
2017007321,"09","1","2224 OXFORD ROAD","","NEW OXFORD","PA","17350","AGCOM INC","7174793112","095000","","","","","N","","","","","","Y","","3","00276343","08"
2016003945,"05","9","6500 W. INDUSTRIAL WAY","","GARY","IN","46406","SWIFT TRANSPORTATION","8008002200","080000","","","","","N","","","","","","N","","1","00054283","08"
2016011816,"05","7","1299 HARRISBURG PIKE","","LANCASTER","PA","17601","LANCASTER COUNTY SOLID WASTE MAN","7173979968","080000","","","","","N","","","","","","N","","1","","08"
2016017631,"05","2","4635 DIVISION HWY","","EAST EARL","PA","17519","BROTHERS LIQUID TRANSPORT LLC","7173514087","080000","","","","","N","","","","","","N","","1","00235421","08"
2016017755,"05","2","338 NORTH MANOR ROAD","","ELVERSON","PA","19520","BEAM FARMS INC","6102866981","","","","","","N","","","","","","N","","2","01664673","08"
2016023202,"02","9","728 RETTEW MILL ROAD","","LITITZ","PA","17543","NOLT SERVICES LLC","7177381066","019000","","","","","N","","","","","","N","","2","02097959","99"
2016025102,"05","1","115200 ST RD 11","","COLUMBUS","IN","46226","CELADON TRUCKING SERVICES INC","3179727000","080000","","","","","N","","","","","","N","","4","01880751","08"
2016025102,"03","4","118 OAK TREE RD","","KUNKLETOWN","PA","18058","CARL D FRANTZ TRUCKING LLC","6103812281","073280","","","","","N","","","","","","N","","7","00859476","04"
2016026577,"02","1","4000 CLINE AVE","","EAST CHICAGO","PA","46312","PENSKE TRUCK LEASING CORP","8006452592","033000","","","","","N","","","","","","N","","2","00327574","03"
2016035457,"05","6","4221 SW 124 WAY","","FORT LAUDERDALE","FL","33027","XCLUSIVE AUTO CARRIERS LLC","9546394557","080000","","","","","N","","","","","","N","","2","02552406","08"
2016037706,"05","9","110 PETERS RD","","NEW HOLLAND","PA","17557","SUPERIOR HAULING","8887525070","080000","","","","","N","","","","","","N","","1","01731622","08"
2016037931,"05","9","1967 PYATT CUTLER ROAD","","BRADY","TX","76825","SOUTHERN ILLINOIS MOTOR XPRESS","6184978882","999999","","","","","N","","","","","","N","","2","00395405","08"
2016042437,"05","6","90 CENTRE DRIVE","","ROCHESTER","NY","14623","RH HARDING CO., INC","5857386562","080000","","","","","N","","","","","","N","A-00098478","1","00055478","08"
2016043110,"03","9","N 15342 CR D","","OWEN","WI","54460","OAK TREE TRANSPORT LLC","7152294546","080000","","","","","N","","","","","","N","","2","00947327","08"
2016062476,"03","9","601 US15","","DILLSBURG","PA","17019","SHUMAKER TRUCKING","7174329898","080000","","","","","N","","","","","","N","","1","00350434","08"
2016063065,"02","1","1000 S. MAIN ST.","","GREENSBURG","PA","15601","SOUTH MAIN TRUCKING COMPANY","7179431350","025500","","","","","N","","","","","","N","A-00114078","2","00696383","03"
2016074002,"03","4","39 BROOKLAWN ROAD","","LITITZ","PA","17543","BROOKLAWN PAVING","7176652558","000000","","","","","N","","","","","","N","A-00020027","2","02116145","00"
2016081319,"05","1","971 BRIARSDALE RD.","","HARRISBURG","PA","17109","RYDER TRUCK RENTAL, INC.","8143412840","080000","","","","","N","","","","","","N","A-O112526","2","00612151","08"
2016088995,"03","9","12812 BLOOMFIELD RD","","KENNEDYVILLE","MD","21645","HARWOOD GRAIN LLC","7173796124","080000","","","","","N","","","","","","N","","2","00904630","07"
2016091339,"03","5","70 LITITZ RD","","LITITZ","PA","17543","ROHRER'S QUARRY","7176825814","073280","","","","","N","","","","","","N","A-8916121","2","02450577","04"
2016095577,"99","9","2147 S MARKET ST","","ELIZABETHTOWN","PA","17022","CENTURY SPOUTING CO INC","9999999999","012000","","","","","N","","","","","","U","","1","","05"
2016104558,"99","9","524 FARMERSVILLE RD","","NEW HOLLAND","PA","17557","SENSENIG FURNITURE INC","9999999999","019500","","","","","N","","","","","","U","","1","","05"
2016104589,"04","4","898 N STATE ST","","EPHRATA","PA","17522","CB BURKHOLDER","7177337772","076000","","","","","N","","","","","","N","A-00114553","2","00724577","09"
2016109523,"03","9","316 CORAL ST","","LANCASTER","PA","17603","SILVERIO TRUCKING","7174588003","080000","","","","","N","","","","","","N","","2","02580924","09"
2016115867,"04","1","PO BOX 7327","","DUBLIN","OH","43017-0709","THE SYGMA NETWORK INC","6147342500","080000","","","","","N","","","","","","N","","1","00014811","08"
2016124536,"03","4","N56W23418 MITCHELL LANE","","SUSSEX","WI","53089","PAUL J SCHMITT","2622465800","014000","","","","","N","","","","","","N","","2","00046599","04"
2016125051,"05","9","86 AIRPORT ROAD","","POTTSTOWN","PA","19464","VENEZIA BULK TRANSPORT INC","6104955200","080000","","","","","N","","","","","","N","","1","01079966","08"
2016125051,"05","1","7701 LEGACY DR","","PLANO","TX","75024","FL TRANSPORTATION INC","9723347000","080000","","","","","N","","","","","","N","","2","01421875","08"
2016128542,"02","4","16871 CANBY AVE PO BOX","","FARIBAULT","MN","55021","INTERSTATE IMPROVEMENT INC","8778284132","021000","","","","","N","","","","","","N","","2","","03"
2016132003,"02","8","8 BEAVER VALLEY PK","","WILLOW STREET","PA","17584","SCHULTZ TRANSPORTATION","7176290551","999999","","","","","N","","","","","","N","","2","","10"
2016136805,"05","2","2900-A ORTHODX STREET","","PHILADELPHIA","PA","19137","CARRIBEAN OPERATORS LLC","2154163135","080000","","","","","N","","","","","","N","","1","02487200","09"
2016137849,"05","3","102 OSCAR WAY","","CHESTER SPRINGS","PA","19425","J-TECH INC","6104584334","080000","","","","","N","","","","","","N","","2","01684863","08"
2016010754,"99","9","4800 UNION DEPOSIT RD","","HARRISBURG","PA","17111","DIOCESE OF HARRISBURG","9999999999","012500","","","","","N","","","","","","U","","2","","05"
2016011123,"02","1","195 HEART LAKE RD. S","","BRAMPTON","ON","L6W3N","TRAVELERS TRANSPORTATION SERVICE","8002658789","080000","","","","","N","","","","","","N","","3","00325925","08"
2016011993,"99","9","2458 DIVISION HWY","","EPHRATA","PA","17522","STUMPS QUALITY DECKS & PORCHES","9999999999","012000","","","","","N","","","","","","U","","1","","05"
2016014960,"02","1","3024 PENN AVE.","","WEST LAWN","PA","19609","HARRY O HAHN SEAFOOD INC.","6105879597","025950","","","","","N","","","","","","N","","1","00338465","03"
2016016870,"05","3","77 BAUM LANE","","MIFFLIN","PA","170587020","BAUM TRANSPORT (WILLIAM L BAUM)","7174633042","080000","","","","","N","","","","","","N","","2","01213322","08"
2016027799,"05","9","15231 PARRISH RD.","","UPPERCO","MD","21155","MEHRING TRANSPORT SERVICES LLC","4104295202","026000","","","","","N","","","","","","N","","2","01181504","08"
2016040661,"02","8","8 BEAVER VALLEY PIKE","","WILLOW STREET","PA","17543","SHULTZ TRANSPORTATION COMPANY","7174545800","999999","","","","","N","","","","","","N","","2","","11"
2016041673,"05","0","1 CAMPUS DR","","PARSIPPANY","NJ","7054","BUILDING MATERIAL CORPORATION OF","3855285310","080000","","","","","N","","","","","","N","","1","00510003","06"
2016045176,"99","9","1271 SPRINGVILLE RD","","EAST EARL","PA","17519","CEDAR LANE LANDSCAPING","9999999999","016000","","","","","N","","","","","","U","","1","","05"
2016045176,"05","7","4361 OREGON PIKE","","EPHRATA","PA","17522","GOODS DISPOSAL SERVICE INC","9999999999","077020","","","","","N","","","","","","U","","2","","04"
2016061589,"03","9","PO BOX 254","","REAMSTOWN","PA","17567","EAGLE CONCRETE INC.","7173361002","073280","","","","","N","","","","","","N","","2","02089912","04"
2016063849,"99","9","2255 AVENUE A 451","","BETHLEHEM","PA","18017","SERVICE TIRE TRUCK CENTER INC","9999999999","012500","","","","","N","","","","","","U","","1","","04"
2016066112,"03","7","1245 EAGLES WAY","","EAST EARL","PA","17519","EAGLE DISPOSAL OF  PA","7173559560","058400","","","","","N","","","","","","N","","2","01413530","04"
2016072162,"99","9","UNKNOWN","UNKNOWN","UNKNOWN","ZZ","99999","UNKNOWN","9999999999","999999","","","","","N","","","","","","U","","2","","08"
2016077775,"05","2","681 STRAUSS AVE","","MARYDEL","DE","19964","COLE'S TRUCKING LLC","3023877056","080000","","","","","N","","","","","","N","","1","01336071","08"
2016078001,"99","8","2395 LINCOLN HWY E","","LANCASTER","PA","17602","AMISH FARM AND HOUSE LLC","9999999999","999999","","","","","N","","","","","","U","","1","","10"
2016081288,"05","1","3147 WEST 169TH PLACE","","HAMMOND","IN","46323","UNITED PARCEL SERVICE INC","2013302368","080000","","","","","N","","","","","","N","","2","00021800","08"
2016083711,"04","1","805 PENNSYLVANIA AV","","FEASTERVILLE","PA","19053","BERGER BROTHERS","2153551202","054000","","","","","N","","","","","","N","","1","00095381","08"
2016084276,"01","9","3912 BRUMBAUGH ROAD (PO","","NEW ENTERPRISE","PA","16664-0077","PROTECTION SERVICES INC","7172385541","025500","","","","","N","","","","","","N","","3","00011905","05"
2016103235,"03","1","4000 CLINE AVE","","EAST CHICAGO","IN","46312","PENSKE TRUCK LEASING","2193911030","080000","","","","","N","","","","","","N","","1","02574051","08"
2016110329,"02","7","650 N PRINCE","","LANCASTER","PA","17603","EAGLE DISPOSAL","7176800240","073280","","","","","N","","","","","","N","A-8911340","2","","03"
2016121489,"03","9","292 ELM RD","292 ELM RD","LITITZ","PA","17543","WALNUT RUN FARMS","7176654189","052000","","","","","N","","","","","","N","","2","","09"
2016137021,"99","9","783 SPRUCE RD","","NEW HOLLAND","PA","17557","VOGANVILLE MASONERY LLC","9999999999","011000","","","","","","","","","","","U","","1","","05"
2016011148,"02","1","PO BOX 463","","CHADWICK","IL","61074","KNESS TRUCKING","5632194703","999999","","","","","N","","","","","","N","","2","00168879","08"
2016013499,"04","1","305 ROXBURY ROAD","","SHIPPENSBURG","PA","17257","CARBAUGH JR LLC","7173772257","080000","","","","","N","","","","","","N","A-00000000","1","00959291","06"
2016014383,"02","8","102 MARTIC HEIGHTS DR.","","HOLTWOOD","PA","17532","DAVID ESCHBACH JR INC.","7172844162","999999","","","","","N","","","","","","N","","2","00387575","11"
2016015420,"05","3","1231 MOUNT WILSON ROAD","","LEBANON","PA","17042","WEABER INCORPORATED","7178672212","080000","","","","","N","","","","","","N","","2","02347747","08"
2016018060,"03","3","15200 ST ROLLS","","COLUMBUS","OH","47201","CLEADON TRUCKING SERVICES INC","2157559093","080000","","","","","N","","","","","","N","","2","00261902","08"
2016020197,"02","1","2525 PAXTON ST","","HARRISBURG","PA","17111","KFJ ENTERPRISES LLC","7175094491","026000","","","","","N","","","","","","N","","2","01936901","03"
2016021653,"05","1","12225 STEPHENS ROAD","","WARREN","MI","48089","CENTRAL TRANSPORT, LLC","3023623014","080000","","","","","N","","","","","","N","A-00119738","2","00661173","08"
2016022363,"03","4","1299 HARRISBURG PK.","","LANCASTER","PA","17604","LCSWMA","7173979968","073280","","","","","N","","","","","","N","","1","00468748","04"
2016030872,"06","3","1300 51ST AVENUE NORTH","","NASHVILLE","TN","37205","P&S TRANSPORTATION LLC","8667050100","080000","","","","","N","","","","","","N","","1","01243338","08"
2016032280,"02","3","1327 NORTH READING ROAD","","DENVER","PA","17517","EAGLE RENTAL","7173363945","026000","","","","","N","","","","","","N","","2","00870222","03"
2016035484,"05","1","200 MIFFLIN DRIVE","","WRIGHTSVILLE","PA","17368","EARLE M. JORGENSEN","2159492850","080000","","","","","N","","","","","","N","","2","00020342","08"
2016042713,"03","1","115 WEST COLLEGE","","MARSHALL","MN","56258","SCHWANS","7177564479","019500","","","","","N","","","","","","N","","1","01078029","04"
2016049798,"03","9","PO BOX 128","","CHRISTIANA","PA","17509","D & K GRAHAM TRUCKING","6105935240","080000","","","","","N","","","","","","N","","3","00093930","08"
2016067804,"03","7","1245 EAGLES WAY","","EAST EARL","PA","17519","EAGLE DISPOSAL OF PA","6108063110","058400","","","","","N","","","","","","N","","4","02105671","04"
2016069257,"02","3","5199 MAIN STREET","","EAST PETERSBURG","PA","17520","WAYNES TOWING AND RECOVERY","7175815151","018000","","","","","N","","","","","","N","","1","02034900","03"
2016069257,"03","3","4667 US RT 127 S","","GREENVILLE","OH","45331","TRANS ALLIANCE LLC","9375488400","044000","","","","","N","","","","","","N","","2","02313387","08"
2016075045,"02","1","1003 GAP ROAD","","KINZERS","PA","17535","IDRESS AHMED","6467962259","025950","","","","","N","","","","","","N","","2","02561886","03"
2016085852,"06","7","188 JEFFERSON ST","STE 316","NEWARK","NJ","07015","DECAVALHO CORP","2676481527","080000","","","","","N","","","","","","N","","1","02155364","08"
2016089347,"03","7","447 BROSSMAN RD","","EPHRATA","PA","17522","DAVES ROLL OFF SERVICE LLC","7177333438","073280","","","","","N","","","","","","N","","2","01231363","04"
2016091830,"05","1","PO BOX 2020 AR07689","","SPRINGDALE","AR","727652020","TYSON FOODS INC.","4792904000","052000","","","","","N","","","","","","N","","1","00003327","08"
2016095244,"02","1","107 PARK AVE","","SEAFORD","DE","19973","WHOLESALE MILLWORK","3026288250","033000","","","","","N","","","","","","N","","2","01150354","03"
2016099351,"05","1","3820 WISMAN LN","","QUINCY","IL","62301","INTERSTATE CARRIER XPRS FRHT LN","2172240770","080000","","","","","N","","","","","","N","","2","00504253","08"
2016099378,"02","1","555 NORTH DUKE STREET","","LANCASTER","PA","17602","LANCASTER GENERAL HOSPITAL","7175445511","026000","","","","","N","","","","","","N","","2","02257410","03"
2016102923,"06","1","151 CREEK RD","","ELIZABETHTOWN","PA","17022","E E SHENK SONS INC","7176654040","080000","","","","","N","","","","","","N","","1","00276255","08"
2016106015,"05","9","31 NORTH MAPLE AVENUE APT #160","","MARLTON","NJ","080531721","UNKNOWN","6098644166","800000","","","","","N","","","","","","N","A-00107226","3","00113594","08"
2016107718,"02","9","3140 HEMPLAND RD","","LANCASTER","PA","17601","THOS SOMERVILLE CO","9999999999","026000","","","","","N","","","","","","U","","4","","03"
2016108198,"05","3","95 GREENVILLE ROAD","","DENVER","PA","17517","GROFF CUSTOM SHED HAULING","7174139185","","","","","","N","","","","","","N","","2","01014243","08"
2016113087,"02","1","390 S ERISMAN RD","","MANHEIM","PA","17545","HANSELMAN LANDSCAPE","7176531273","012000","","","","","","","","","","","N","","3","02870588","03"
2016118533,"03","0","219 WILSON AVE 2ND FLR","","KEARNY","NJ","07032","GEL XPRESS LLC","0000000000","050000","","","","","N","","","","","","N","","1","00000000","07"
2016136766,"05","2","101 W HARRISBURG AVE","","RHEEMS","PA","17570","WFM TRANSPORT INC","8006926008","080000","","","","","N","","","","","","N","A-00115850","2","00822830","08"
2016137615,"03","1","1641 LINCOLN RD","","LITITZ","PA","17543","SUN VALLEY TRUCKING LLC","7177330831","080000","","","","","N","","","","","","N","","1","01189822","08"
2017002112,"03","0","6380 BRACKBILLE BLVD","","MECHANICSBURG","PA","17055","CARLISLE CARRIERS CORP","9999999999","999999","","","","","N","","","","","","N","","2","00369330","07"
2016020087,"03","1","1200 STANLEY BLVD","","SHELBYVILLE","TN","37106","TITAN TRANSFER","9316840255","080000","","","","","N","","","","","","N","","1","00845505","06"
2016029292,"05","9","6000 CLAY AVENUE SW","","GRAND RAPIDS","MI","49548","SUPER SERVICES LLC","6165308558","080000","","","","","N","","","","","","N","","1","01972877","08"
2016034302,"05","2","4338 GREEN PARK DR","","MOUNT JOY","PA","17552","M ALLEN TRANSPORT LLC","7178185591","080000","","","","","N","","","","","","N","","2","01501084","08"
2016039482,"02","1","308 SCOTTDALE AVE.","","SCOTTDALE","PA","15683","PENNLINE SERVICES INC.","8145925636","033000","","","","","N","","","","","","N","","1","","03"
2016051831,"02","8","73 ORCHARD RD","","BIRD-IN-HAND","PA","17505","WEAVERTOWN MENONNITE SCHOOL","7177683627","031000","","","","","N","","","","","","N","","1","","11"
2016054005,"03","8","102 MARTIC HEIGHTS DR","","HOLTWOOD","PA","17532","DAVID ESCHBACH JR","7172844162","999999","","","","","N","","","","","","N","A-1048440","1","00387575","11"
2016054005,"03","3","1130 LANCASTER PIKE","","DRUMORE","PA","17518","SNYDER AND MYLIN","7172840303","017000","","","","","N","","","","","","N","","2","02142687","04"
2016055682,"99","9","135 WALNUT ST","","POTTSTOWN","PA","19464","MAINTENANCE CONCRETE INC","9999999999","014000","","","","","N","","","","","","U","","2","","05"
2016056772,"05","1","17235 N 75TH AVE D175","","GLENDALE","AZ","85308","SECURED LAND TRANSPORT","6022691600","080000","1","","","","Y","1","","","","","N","","1","00991930","08"
2016059966,"03","3","1412 CAMBIUM COURT","","HANOVER","MD","21076","UGENE LATSON II","3015005164","026000","","","","","N","","","","","","N","","1","02528549","04"
2016063655,"02","4","559 HACKMAN RD","","LITITZ","PA","17543","VERNON'S EXCAVATING CO LLC","7176252049","054000","","","","","N","","","","","","N","","2","02139217","99"
2016078459,"05","1","P.O. BOX 188","","TONTITOWN","AR","72770","P.A.M. TRANSPORT","9014868463","080000","","","","","N","","","","","","U","","1","00179752","08"
2016082498,"02","1","1934 LANCASTER PIKE PO","","PEACH BOTTOM","PA","17563","POWLS FEED SERVICE INC","7175482376","026000","","","","","N","","","","","","N","","2","00287294","03"
2016087798,"03","1","1450 POTATO VALLEY ROAD","","HARRISBURG","PA","17112","AREA STORAGE AND TRANSFER","8005453574","080000","","","","","N","","","","","","U","","4","00358803","08"
2016089009,"05","1","730 VOGELSONG ROAD","","YORK","PA","174041763","ENVIRITE OF PENNSYLVANIA INC","7178461900","080000","","","","","N","","","","","","N","","2","00685427","08"
2016089440,"03","1","289 CHAMBERS ROAD","","TOUGHKENAMON","PA","19374","CF LOGISTICS","7172683695","080000","","","","","N","","","","","","N","","2","00250513","08"
2016090564,"05","2","419 W HIGH ST","","ELIZABETHTOWN","PA","17022","WHITE OAK MILLS","9332666025","052350","","","","","N","","","","","","N","","2","00174508","08"
2016094145,"05","1","7101 W 17TH AVE.","","GARY","IN","46406","SCHNEIDER NATIONAL CARRIER INC.","4422023694","080000","","","","","N","","","","","","N","","1","00264184","08"
2016096516,"05","1","1810 CREST VIEW DRIVE, #6A","","HUDSON","WI","54016","REPUBLIC EXPRESS INC","7155338607","080000","","","","","N","","","","","","N","","1","00294782","08"
2016096561,"02","8","2701 EAST CUMBERLAND","","LEBANON","PA","17042","BRIGHTBILL TRANSPORT","7173972421","033000","","","","","N","","","","","","N","","2","","11"
2016097481,"04","4","531 EAST 28TH DIVISION HIGHWAY","","LITITZ","PA","17543","MARTIN PAVING","7177337915","072000","","","","","N","","","","","","N","","2","00262991","04"
2016101183,"99","9","526 WOODCLIFFE RD","","UPPER DARBY","PA","19082","MCKNIGHT AMERICAN CHARITABLE WOR","9999999999","019500","","","","","N","","","","","","U","","1","","05"
2016104135,"99","9","434 SUSQUEHANNA TRAIL","","NORTHUMBERLAND","PA","17857","PPL SERVICES CORP","9999999999","016500","","","","","N","","","","","","U","","1","","05"
2016111529,"99","9","1060 DIVISION HWY","","EPHRATA","PA","17522","BOWMAN STOVE AND PATIO INC","9999999999","012000","","","","","N","","","","","","U","","2","","05"
2016134859,"05","9","519 PITTSURGH ROAD","","BUTLER","PA","16001","HUNTER PETERBILT","7175197805","080000","","","","","N","","","","","","N","","1","00351966","09"
2016134859,"05","9","519 PITTSURGH ROAD","","BUTLER","PA","16001","HUNTER PETERBILT","7175197805","080000","","","","","N","","","","","","N","","2","00351966","08"
2016002512,"02","9","623 BAUMGARDNER RD","","LANCASTER","PA","17603","STEEL FAB ENTERPRISES LLC","7174640330","009000","","","","","N","","","","","","N","","1","00493588","09"
2016006749,"99","1","UNKNOWN","","UNKNOWN","ZZ","99999","UNKNOWN","9999999999","999999","","","","","N","","","","","","U","","1","","08"
2016009146,"01","8","45 ERICK ROAD","","LANCASTER","PA","17601","RED RODE ACCESS","7173961001","014000","","","","","N","","","","","","N","","1","","11"
2016014712,"03","1","900 KRINER RD","","CHAMBERSBURG","PA","17202","FRANLIN STORAGE LP","7172643700","800000","","","","","N","","","","","","N","","1","02145650","08"
2016015555,"05","1","6070 COLLETT ROAD","","FARMINGTON","NY","14425","LEONARDS TRANSPORTATION INC","3024260802","080000","","","","","N","","","","","","N","","1","00920222","08"
2016026689,"05","1","3805 CRESTWOOD PKWY","","DULUTH","GA","30096","NATIONAL DCP","6098452749","040000","","","","","N","","","","","","N","","2","02258283","08"
2016041277,"99","9","UNKNOWN","","UNKNOWN","ZZ","99999","UNKNOWN","9999999999","999999","","","","","N","","","","","","N","","2","","08"
2016047142,"04","1","1961 HARTEL STREET","","LEVITTOWN","PA","19057","VELTRI LEASING LLC","2159466400","065000","","","","","N","","","","","","N","","2","00398991","08"
2016049808,"02","1","PO BOX 744","","GALAX","VA","24333","S&S TRANSPORTERS INC","2762374345","080000","","","","","N","","","","","","N","","1","00518463","08"
2016049907,"05","1","2213 LEABROOK RD","","LANCASTER","PA","176012301","MELVIN R WEAVER & SONS LLC","7178989050","080000","","","","","N","","","","","","N","","2","00026423","08"
2016051804,"02","1","174 YORK STREET","","AUBURN","NY","13021","BARR TRANSPORTATION","3155158213","100000","","","","","N","","","","","","N","","2","00142787","08"
2016054369,"05","1","920 S. BRUNSWICK ST.","","BALTIMORE","MD","21233","RYDER TRUCK RENTAL INC.","4102333666","080000","","","","","N","","","","","","N","","1","00263421","08"
2016054369,"05","1","400 NW 56TH ST","","LINCOLN","NE","68528","SHAFFER TRUCKING","4024759521","080000","","","","","N","","","","","","N","","2","00073705","08"
2016058449,"02","1","117 JACKSON ROAD","","BERLIN","NJ","08009","HANSON & ZOLLINGER INC","8566263440","033000","","","","","N","","","","","","N","","1","99999999","03"
2016065062,"05","1","6500 W INDUSTRIAL HWY","","GARY","IN","46406","SWIFT TRANSPORTATION CO OF ARIZO","8008002200","080000","","","","","N","","","","","","N","","1","00054283","08"
2016067051,"03","1","133 WEST TIOGA STREET","","TUNKHANNOCK","PA","18657","KAPMEYER TRUCK LINES","5709965173","080000","","","","","N","","","","","","N","A-00123370","1","01138539","08"
2016069996,"04","2","255 DURLACH RD","","EPHRATA","PA","17522","KEYSTONE MILLS","7177338860","080000","","","","","N","","","","","","N","A-00113946","2","","08"
2016071247,"99","9","265 E CHURCH ST","P O BOX 337","REAMSTOWN","PA","17567","STEFFY CONCRETE INC","9999999999","017950","","","","","N","","","","","","U","","2","","05"
2016077114,"99","6","127 LAURIE LANE","","LITITZ","PA","17543","FAIRWAY TOWING","7177990566","033000","","","","","N","","","","","","N","","1","01409556","05"
2016081205,"04","1","1425 CROOKED HILL RD","","HARRISBURG","PA","17107","UNITED STATES POSTAL SEVICE","7172574848","","","","","","N","","","","","","N","","2","","08"
2016083687,"05","2","4635 DIVISION HYW","","EAST EARL","PA","17519","BROTHERS LIQUID TRANS","7173514087","080000","","","","","N","","","","","","N","","1","00235421","08"
2016084547,"03","9","310 N. ZARFOSS DR","","YORK","PA","17404","A&S SERVICES GROUP, LLC","7177923632","019500","","","","","N","","","","","","N","","1","01880751","07"
2016087769,"04","9","1450 POTATO VALLEY RD","","HARRISBURG","PA","17112","AREA STORAGE AND TRANSFER","7175997655","080000","","","","","N","","","","","","N","A-2491919","1","00358803","08"
2016088842,"06","3","5046 NEWPORT RD","","KINZERS","PA","17535","L G TRANSPORT","7174429728","080000","","","","","N","","","","","","Y","","1","00928404","08"
2016090124,"04","4","11 CRESTVIEW DRIVE","","SINKING SPRING","PA","19608","VICATO ENTERPRISES","7175876833","073280","","","","","N","","","","","","N","","1","01135766","04"
2016092425,"02","8","8 BEAVER VALLEY PIKE","","WILLOW STREET","PA","17584","SHULTZ TRANSPORTATION","7174645800","999999","","","","","N","","","","","","N","A-S100969","2","00586386","10"
2016092439,"03","3","5070 LEIKE RD.","","PARKESBURG","PA","19365","DOUBLE C HAULING","7175871583","050000","","","","","N","","","","","","N","","1","02261128","08"
2016097323,"05","9","311 INDUSTRILAL AVE.","","SPRINGFIELD","MA","01104","LANCER TRANSPORT & LOG. INC.","4133338515","999999","","","","","N","","","","","","N","","1","02172975","08"
2016106480,"05","3","3333 HESPER RD","","BILLINGS","MT","59107","GE TF TRUST","8882121380","080000","","","","","N","","","","","","N","","2","00085150","08"
2016123816,"03","2","309 MARTINDALE ROAD","","EPHRATA","PA","17522","PA KEYSTONE MILL","7173544616","080000","","","","","N","","","","","","N","","1","00017462","08"
2016127131,"99","9","UNKNOWN","","UNKNOWN","ZZ","99999","UNKNOWN","9999999999","999999","","","","","N","","","","","","U","","2","","08"
2016133728,"05","1","PO BOX 144","","FREDONIA","NY","14063","AGRICULTRAL TRANSPORT/ PAYRLL, I","9999999999","999999","","","","","N","","","","","","N","","4","00387660","08"
2016002850,"02","0","2727 FORD ROAD","","BRISTOL","PA","19007","CUMMINS POWER SYSTEMS, LLC","2157856005","016000","","","","","N","","","","","","N","","1","00509818","09"
2016002850,"99","8","119 BUS LN","","PUNXSUTAWNEY","PA","15767","STA OF PENNSYLVANIA INC","9999999999","999999","","","","","N","","","","","","U","","2","","10"
2016011814,"03","1","1855 BOSTON ROAD","","WILBRAHAM","MA","01095","FRIENDLYS PURCHASING AND DISTRIB","4137314367","080000","","","","","N","","","","","","N","","1","00068216","08"
2016012102,"99","1","950 E MAIN ST","","MOUNT JOY","PA","17552","HERTZLER ELECTRIC INC","9999999999","012000","","","","","N","","","","","","U","","2","","05"
2016026354,"05","2","PO BOX 26","","RHEEMS","PA","175700026","WFM TRANSPORT INC","8006926008","080000","","","","","N","","","","","","N","A-00115850","1","00822830","08"
2016045490,"05","1","GOOSE HILL ROAD BOX 259","","JEFFERSON","ME","04348","SHARK LINE INC","6314470888","080000","","","","","N","","","","","","N","","2","00181814","08"
2016048392,"02","1","2625 MARKET PLACE","","HARRISBURG","PA","17110","ENTERPRISE","7175694561","025999","","","","","N","","","","","","N","","2","02131818","03"
2016049650,"03","4","4361 OREGON PIKE","","EPHRATA","PA","17601","GOODS DISPOSAL SERVICE","7179251043","","","","","","N","","","","","","N","A-99999999","1","","03"
2016058967,"03","4","11 CRESTVIEW DR.","","EPHRATA","PA","17522","VICATO ENTERPRISES","7175876833","073280","","","","","N","","","","","","N","A-00120203","1","01135766","04"
2016059772,"05","3","1300 51ST ST NORTH","","NASHVILLE","TN","37205","P&S TRANSPORTATION","2057884000","080000","","","","","N","","","","","","N","","2","01243338","08"
2016066352,"02","3","2098 DIVISION HWY","","NEW HOLLAND","PA","17557","AAA","7172712113","026000","","","","","N","","","","","","N","","1","02372629","03"
2016067018,"05","1","30 N UNION ST","","ROCHESTER","NY","99999","G&C FOODS","3154148797","080000","","","","","N","","","","","","N","","1","00328882","08"
2016067914,"02","1","650 HOUTZTOWN RD","","MYERSTOWN","PA","17067","KEYSTONE TRANSPORT SERVICES LLC","7179335115","026000","","","","","N","","","","","","N","","2","00553413","09"
2016070938,"04","4","786 GLENWOOD DR.","","EPHRATA","PA","17522","ZIMMERMAN GROUP INC.","7177338330","073280","","","","","N","","","","","","N","A-00115221","1","00764976","04"
2016070938,"03","3","221 E. STATE ST.","","QUARRYVILLE","PA","17566","MILKY HAVEN FARMS, LP","7177862178","080000","","","","","N","","","","","","N","","2","00450818","08"
2016074987,"05","1","UNKNWON","","UNKNOWN","ZZ","999999999","POSSIBLY RENTED BY BOWMAN","9999999999","999999","","","","","N","","","","","","U","","1","","08"
2016082801,"05","3","5018 WM 28","","BRIMLEY","MI","49715","KEN GRAHAM TRUCKING INC","9066328771","080000","","","","","N","","","","","","N","","2","00071976","08"
2016083068,"04","9","101 W HARRISBURG AVE","","RHEEMS","PA","17570","WFM TRASNPORT","8006926008","080000","","","","","N","","","","","","N","A-00115850","2","00822830","08"
2016087880,"02","1","342 BLACKBROOK ROAD","","BAINESVILLE","OH","44077","C&M TRANSPORT","4403500802","032000","","","","","N","","","","","","N","","2","00649214","03"
2016099681,"99","9","4520 MOLINE-MARTIN RD","","WALBRIDGE","OH","43465","SEINTNAL COMPANY","4194671803","080000","","","","","N","","","","","","N","A-00111686","2","00423609","08"
2016103540,"99","9","1420 CLARION ST","","READING","PA","19601","EMPIRE WRECKING CO","9999999999","010800","","","","","N","","","","","","U","","2","","05"
2016106189,"04","5","3912 BRUMBAUGH RD PO BOX 77","","NEW ENTERPRISE","PA","166640077","NEW ENTERPRISE STONE & LIME","7175871453","073280","","","","","N","","","","","","N","","2","00010322","04"
2016109662,"99","0","73 N VINE ST","","HAZLETON","PA","18201","ROBERT CHAYA DBA RC TRUCKING","9999999999","086000","","","","","N","","","","","","U","","1","","08"
2016111413,"99","1","359 E PARK DR","","HARRISBURG","PA","17111","UNITED PARCEL SERVICE","9999999999","014500","","","","","N","","","","","","U","","2","","05"
2016112819,"04","3","7959 TECHNOLOGY WAY","SUITE 500","DENVER","CO","80237","PROBUILT CO LLC","7177167909","080000","","","","","N","","","","","","N","","1","00400989","04"
2016121270,"99","9","957 WHITETAIL LN","","YORK","PA","17406","MICHAEL T LEAHY","9999999999","022000","","","","","","","","","","","U","","2","","05"
2016131546,"04","1","3905 COREY RD","","HARRISBURG","PA","17109","SYSCO CENTRAL PENNSYLVANIA","7175164000","010000","","","","","N","","","","","","N","","1","00338861","08"
2016137827,"02","1","190 S DUPONT HWY","","NEW CASTLE","DE","19720","ENTERPRISE RENTAL TRUCK","8775895135","","3","","","","Y","2","","","","","N","","1","01493874","03"
2016138755,"99","9","1004 STONEY BATTERY RIDGE","","LANCASTER","PA","17601","MCCARTHY TIRE SERVICE CO. INC.","7178980114","016500","","","","","N","","","","","","N","","2","00228507","09"
2016003477,"99","9","1851 COLONIAL VILLAGE LN","","LANCASTER","PA","17601","FEDERAL EXPRESS CORPORATION","9999999999","012000","","","","","N","","","","","","U","","2","","05"
2016013163,"04","1","336 E PENN AVE","","ROBESONIA","PA","19551","ROBESONIA LOGISTICS LLC","6106931436","999999","","","","","N","","","","","","N","","1","02549429","08"
2016026653,"03","1","PO BOX 4990","","HARRISBURG","PA","17111","SCHAEDLER YESCO DIST INC","7172331621","025950","","","","","N","","","","","","N","","2","00338918","04"
2016036562,"99","9","5399 LINCOLN HWY","","GAP","PA","17527","GAP POWER EQUIPMENT INC","9999999999","013000","","","","","N","","","","","","U","","1","","04"
2016036562,"99","9","625 SOUTH FIFTH AVE","","LEBANON","PA","170420630","NATIONS FUND I INC","7174712649","060000","","","","","N","","","","","","N","","2","00100670","08"
2016051112,"02","1","1130 OLD RT 15","","NEW COLUMBIA","PA","17856","W.A. DEHART INC.","5705681551","025500","","","","","N","","","","","","N","","2","00436817","03"
2016067189,"05","1","555 SANDY HILL ROAD","","DENVER","PA","17517","DENVER LOGISTICS LLC","7173363900","080000","","","","","N","","","","","","N","A-00117486","2","00048349","08"
2016075086,"05","0","6500 W INDUSTRIAL HWY","","GARY","IN","46406","SWIFT TRANSPORTATION CO OF ARIZO","9999999999","080000","","","","","N","","","","","","N","","2","00054283","08"
2016093297,"03","1","1114 BEECH GROVE RD","","HONESDALE","PA","18431","LACKAWAKER FARM COMPANY","5704703944","014500","","","","","N","","","","","","N","","2","02071246","03"
2016107295,"02","9","1701 BOB DRIVE","","ROYSE CITY","TX","77662","TARGET SERVICES INC.","5103869459","080000","","","","","N","","","","","","N","","1","02442174","08"
2016107295,"02","9","P.O. BOX 8 16871 CANBY","","FARIBAUKT","MN","55021","INTERSTATE IMPROVEMENT CO.","5073340620","021000","","","","","N","","","","","","N","","2","00562144","03"
2016109036,"03","1","815 BETHEL AVE","","UPPER CICHESTER","PA","19014","GINGER TRUCKING","4846147122","080000","","","","","N","","","","","","N","","2","02557604","08"
2016114792,"02","1","1030 GIDDINGS AVE SE","","GRAND RAPIDS","MI","49506","NERMIN BAJRIC","6164010940","080000","","","","","N","","","","","","N","","1","02370147","08"
2016129687,"99","3","2034 LINCOLN HIGHWAY E","","LANCASTER","PA","17602","WAL MART INC.","7173901738","999999","","","","","","","","","","","N","A-00116491","1","00063585","08"
2016136770,"03","9","380 MAPLE SHADE RD","","KIRKWOOD","PA","17536","LESTER M PRANGE INC","7179891233","080000","","","","","N","","","","","","N","","2","00010675","07"
